Handle,Variant SKU,Option1 Value,Option2 Value,Option3 Value,Location,On hand (new)
duck-decoys-motion-duck-waterfowl-decoration-floating-mallard-decoys-for-garden-outdoor-camping-backyard-patio-pond-pool,141052eating200007763201336100,eating,,,Epcot Resorts Blvd,150
duck-decoys-motion-duck-waterfowl-decoration-floating-mallard-decoys-for-garden-outdoor-camping-backyard-patio-pond-pool,14366standguard200007763201336100,stand guard,,,Epcot Resorts Blvd,150
rgb-ac12v24v-3w-6w-9w-12w-15w-18w-ip68-waterproof-swimming-pool-accessories-light-outdoor-submersible-lights-for-pond-vase,1420000019512WAC24VRGBRemote,12W AC24V RGB Remote,,,Epcot Resorts Blvd,150
rgb-ac12v24v-3w-6w-9w-12w-15w-18w-ip68-waterproof-swimming-pool-accessories-light-outdoor-submersible-lights-for-pond-vase,1420000213015WAC24VRGBRemote,15W AC24V RGB Remote,,,Epcot Resorts Blvd,150
rgb-ac12v24v-3w-6w-9w-12w-15w-18w-ip68-waterproof-swimming-pool-accessories-light-outdoor-submersible-lights-for-pond-vase,143663WAC12VRBGRemote,3W AC12V RBG Remote,,,Epcot Resorts Blvd,150
rgb-ac12v24v-3w-6w-9w-12w-15w-18w-ip68-waterproof-swimming-pool-accessories-light-outdoor-submersible-lights-for-pond-vase,144966WAC12VWarmWhite,6W AC12V Warm White,,,Epcot Resorts Blvd,150
rgb-ac12v24v-3w-6w-9w-12w-15w-18w-ip68-waterproof-swimming-pool-accessories-light-outdoor-submersible-lights-for-pond-vase,141753WAC12VGreen,3W AC12V Green,,,Epcot Resorts Blvd,150
rgb-ac12v24v-3w-6w-9w-12w-15w-18w-ip68-waterproof-swimming-pool-accessories-light-outdoor-submersible-lights-for-pond-vase,141933WAC12VBlue,3W AC12V Blue,,,Epcot Resorts Blvd,150
rgb-ac12v24v-3w-6w-9w-12w-15w-18w-ip68-waterproof-swimming-pool-accessories-light-outdoor-submersible-lights-for-pond-vase,14293WAC12VColdWhite,3W AC12V Cold White,,,Epcot Resorts Blvd,150
rgb-ac12v24v-3w-6w-9w-12w-15w-18w-ip68-waterproof-swimming-pool-accessories-light-outdoor-submersible-lights-for-pond-vase,141733WAC12VRed,3W AC12V Red,,,Epcot Resorts Blvd,150
rgb-ac12v24v-3w-6w-9w-12w-15w-18w-ip68-waterproof-swimming-pool-accessories-light-outdoor-submersible-lights-for-pond-vase,14103WAC12VWarmWhite,3W AC12V Warm White,,,Epcot Resorts Blvd,150
rgb-ac12v24v-3w-6w-9w-12w-15w-18w-ip68-waterproof-swimming-pool-accessories-light-outdoor-submersible-lights-for-pond-vase,143508529WAC12VColdWhite,9W AC12V Cold White,,,Epcot Resorts Blvd,150
rgb-ac12v24v-3w-6w-9w-12w-15w-18w-ip68-waterproof-swimming-pool-accessories-light-outdoor-submersible-lights-for-pond-vase,143508539WAC12VRed,9W AC12V Red,,,Epcot Resorts Blvd,150
rgb-ac12v24v-3w-6w-9w-12w-15w-18w-ip68-waterproof-swimming-pool-accessories-light-outdoor-submersible-lights-for-pond-vase,1412546WAC12VRBGRemote,6W AC12V RBG Remote,,,Epcot Resorts Blvd,150
rgb-ac12v24v-3w-6w-9w-12w-15w-18w-ip68-waterproof-swimming-pool-accessories-light-outdoor-submersible-lights-for-pond-vase,143508509WAC12VWarmWhite,9W AC12V Warm White,,,Epcot Resorts Blvd,150
rgb-ac12v24v-3w-6w-9w-12w-15w-18w-ip68-waterproof-swimming-pool-accessories-light-outdoor-submersible-lights-for-pond-vase,149336WAC12VGreen,6W AC12V Green,,,Epcot Resorts Blvd,150
rgb-ac12v24v-3w-6w-9w-12w-15w-18w-ip68-waterproof-swimming-pool-accessories-light-outdoor-submersible-lights-for-pond-vase,1410526WAC12VBlue,6W AC12V Blue,,,Epcot Resorts Blvd,150
rgb-ac12v24v-3w-6w-9w-12w-15w-18w-ip68-waterproof-swimming-pool-accessories-light-outdoor-submersible-lights-for-pond-vase,146916WAC12VColdWhite,6W AC12V Cold White,,,Epcot Resorts Blvd,150
rgb-ac12v24v-3w-6w-9w-12w-15w-18w-ip68-waterproof-swimming-pool-accessories-light-outdoor-submersible-lights-for-pond-vase,147716WAC12VRed,6W AC12V Red,,,Epcot Resorts Blvd,150
rgb-ac12v24v-3w-6w-9w-12w-15w-18w-ip68-waterproof-swimming-pool-accessories-light-outdoor-submersible-lights-for-pond-vase,1420000615112WAC12VGreen,12W AC12V Green,,,Epcot Resorts Blvd,150
rgb-ac12v24v-3w-6w-9w-12w-15w-18w-ip68-waterproof-swimming-pool-accessories-light-outdoor-submersible-lights-for-pond-vase,1420000615912WAC12VBlue,12W AC12V Blue,,,Epcot Resorts Blvd,150
rgb-ac12v24v-3w-6w-9w-12w-15w-18w-ip68-waterproof-swimming-pool-accessories-light-outdoor-submersible-lights-for-pond-vase,1410001041712WAC12VColdWhite,12W AC12V Cold White,,,Epcot Resorts Blvd,150
rgb-ac12v24v-3w-6w-9w-12w-15w-18w-ip68-waterproof-swimming-pool-accessories-light-outdoor-submersible-lights-for-pond-vase,1420000143812WAC12VRed,12W AC12V Red,,,Epcot Resorts Blvd,150
rgb-ac12v24v-3w-6w-9w-12w-15w-18w-ip68-waterproof-swimming-pool-accessories-light-outdoor-submersible-lights-for-pond-vase,142000048709WAC12VRBGRemote,9W AC12V RBG Remote,,,Epcot Resorts Blvd,150
rgb-ac12v24v-3w-6w-9w-12w-15w-18w-ip68-waterproof-swimming-pool-accessories-light-outdoor-submersible-lights-for-pond-vase,1420000488912WAC12VWarmWhite,12W AC12V Warm White,,,Epcot Resorts Blvd,150
rgb-ac12v24v-3w-6w-9w-12w-15w-18w-ip68-waterproof-swimming-pool-accessories-light-outdoor-submersible-lights-for-pond-vase,143654589WAC12VGreen,9W AC12V Green,,,Epcot Resorts Blvd,150
rgb-ac12v24v-3w-6w-9w-12w-15w-18w-ip68-waterproof-swimming-pool-accessories-light-outdoor-submersible-lights-for-pond-vase,14139785349WAC12VBlue,9W AC12V Blue,,,Epcot Resorts Blvd,150
rgb-ac12v24v-3w-6w-9w-12w-15w-18w-ip68-waterproof-swimming-pool-accessories-light-outdoor-submersible-lights-for-pond-vase,1420144751415WAC12VRBGRemote,15W AC12V RBG Remote,,,Epcot Resorts Blvd,150
rgb-ac12v24v-3w-6w-9w-12w-15w-18w-ip68-waterproof-swimming-pool-accessories-light-outdoor-submersible-lights-for-pond-vase,1420144894018WAC12VWarmWhite,18W AC12V Warm White,,,Epcot Resorts Blvd,150
rgb-ac12v24v-3w-6w-9w-12w-15w-18w-ip68-waterproof-swimming-pool-accessories-light-outdoor-submersible-lights-for-pond-vase,1420066102315WAC12VGreen,15W AC12V Green,,,Epcot Resorts Blvd,150
rgb-ac12v24v-3w-6w-9w-12w-15w-18w-ip68-waterproof-swimming-pool-accessories-light-outdoor-submersible-lights-for-pond-vase,1420097193915WAC12VBlue,15W AC12V Blue,,,Epcot Resorts Blvd,150
rgb-ac12v24v-3w-6w-9w-12w-15w-18w-ip68-waterproof-swimming-pool-accessories-light-outdoor-submersible-lights-for-pond-vase,1420001390215WAC12VColdWhite,15W AC12V Cold White,,,Epcot Resorts Blvd,150
rgb-ac12v24v-3w-6w-9w-12w-15w-18w-ip68-waterproof-swimming-pool-accessories-light-outdoor-submersible-lights-for-pond-vase,1420021186915WAC12VRed,15W AC12V Red,,,Epcot Resorts Blvd,150
rgb-ac12v24v-3w-6w-9w-12w-15w-18w-ip68-waterproof-swimming-pool-accessories-light-outdoor-submersible-lights-for-pond-vase,1420000489112WAC12VRBGRemote,12W AC12V RBG Remote,,,Epcot Resorts Blvd,150
rgb-ac12v24v-3w-6w-9w-12w-15w-18w-ip68-waterproof-swimming-pool-accessories-light-outdoor-submersible-lights-for-pond-vase,1420001390015WAC12VWarmWhite,15W AC12V Warm White,,,Epcot Resorts Blvd,150
rgb-ac12v24v-3w-6w-9w-12w-15w-18w-ip68-waterproof-swimming-pool-accessories-light-outdoor-submersible-lights-for-pond-vase,142029978063WAC24VColdWhite,3W AC24V Cold White,,,Epcot Resorts Blvd,150
rgb-ac12v24v-3w-6w-9w-12w-15w-18w-ip68-waterproof-swimming-pool-accessories-light-outdoor-submersible-lights-for-pond-vase,142030278733WAC24VRGBRemote,3W AC24V RGB Remote,,,Epcot Resorts Blvd,150
rgb-ac12v24v-3w-6w-9w-12w-15w-18w-ip68-waterproof-swimming-pool-accessories-light-outdoor-submersible-lights-for-pond-vase,1420300881718WAC12VRBGRemote,18W AC12V RBG Remote,,,Epcot Resorts Blvd,150
rgb-ac12v24v-3w-6w-9w-12w-15w-18w-ip68-waterproof-swimming-pool-accessories-light-outdoor-submersible-lights-for-pond-vase,142030088183WAC24VWarmWhite,3W AC24V Warm White,,,Epcot Resorts Blvd,150
rgb-ac12v24v-3w-6w-9w-12w-15w-18w-ip68-waterproof-swimming-pool-accessories-light-outdoor-submersible-lights-for-pond-vase,1420269381518WAC12VGreen,18W AC12V Green,,,Epcot Resorts Blvd,150
rgb-ac12v24v-3w-6w-9w-12w-15w-18w-ip68-waterproof-swimming-pool-accessories-light-outdoor-submersible-lights-for-pond-vase,1420000625218WAC12VBlue,18W AC12V Blue,,,Epcot Resorts Blvd,150
rgb-ac12v24v-3w-6w-9w-12w-15w-18w-ip68-waterproof-swimming-pool-accessories-light-outdoor-submersible-lights-for-pond-vase,1420252081118WAC12VColdWhite,18W AC12V Cold White,,,Epcot Resorts Blvd,150
rgb-ac12v24v-3w-6w-9w-12w-15w-18w-ip68-waterproof-swimming-pool-accessories-light-outdoor-submersible-lights-for-pond-vase,1420257380718WAC12VRed,18W AC12V Red,,,Epcot Resorts Blvd,150
rgb-ac12v24v-3w-6w-9w-12w-15w-18w-ip68-waterproof-swimming-pool-accessories-light-outdoor-submersible-lights-for-pond-vase,14248346887212WAC24VWarmWhite,12W AC24V Warm White,,,Epcot Resorts Blvd,150
rgb-ac12v24v-3w-6w-9w-12w-15w-18w-ip68-waterproof-swimming-pool-accessories-light-outdoor-submersible-lights-for-pond-vase,142030278769WAC24VColdWhite,9W AC24V Cold White,,,Epcot Resorts Blvd,150
rgb-ac12v24v-3w-6w-9w-12w-15w-18w-ip68-waterproof-swimming-pool-accessories-light-outdoor-submersible-lights-for-pond-vase,142000048909WAC24VRGBRemote,9W AC24V RGB Remote,,,Epcot Resorts Blvd,150
rgb-ac12v24v-3w-6w-9w-12w-15w-18w-ip68-waterproof-swimming-pool-accessories-light-outdoor-submersible-lights-for-pond-vase,142033228146WAC24VRGBRemote,6W AC24V RGB Remote,,,Epcot Resorts Blvd,150
rgb-ac12v24v-3w-6w-9w-12w-15w-18w-ip68-waterproof-swimming-pool-accessories-light-outdoor-submersible-lights-for-pond-vase,142033228159WAC24VWarmWhite,9W AC24V Warm White,,,Epcot Resorts Blvd,150
rgb-ac12v24v-3w-6w-9w-12w-15w-18w-ip68-waterproof-swimming-pool-accessories-light-outdoor-submersible-lights-for-pond-vase,142031928876WAC24VWarmWhite,6W AC24V Warm White,,,Epcot Resorts Blvd,150
rgb-ac12v24v-3w-6w-9w-12w-15w-18w-ip68-waterproof-swimming-pool-accessories-light-outdoor-submersible-lights-for-pond-vase,142031928896WAC24VColdWhite,6W AC24V Cold White,,,Epcot Resorts Blvd,150
tarpaulin-durable-pond-lining-membrane-ideal-for-commercial-fish-ponds-ornamental-water-features-koi-ponds,53613855x8m,5x8m,,,Epcot Resorts Blvd,150
tarpaulin-durable-pond-lining-membrane-ideal-for-commercial-fish-ponds-ornamental-water-features-koi-ponds,541822x3m,2x3m,,,Epcot Resorts Blvd,150
tarpaulin-durable-pond-lining-membrane-ideal-for-commercial-fish-ponds-ornamental-water-features-koi-ponds,51000140646x10m,6x10m,,,Epcot Resorts Blvd,150
tarpaulin-durable-pond-lining-membrane-ideal-for-commercial-fish-ponds-ornamental-water-features-koi-ponds,53613866x7m,6x7m,,,Epcot Resorts Blvd,150
tarpaulin-durable-pond-lining-membrane-ideal-for-commercial-fish-ponds-ornamental-water-features-koi-ponds,51000140668x10m,8x10m,,,Epcot Resorts Blvd,150
tarpaulin-durable-pond-lining-membrane-ideal-for-commercial-fish-ponds-ornamental-water-features-koi-ponds,51000140657x8m,7x8m,,,Epcot Resorts Blvd,150
floating-crocodiles-scare-predators-herons-courtyard-gardens-and-pond-decorations-effectively-preventing-pond-harassers,14200003699,MULTI,,,Epcot Resorts Blvd,150
submersible-water-pump-dc-12v-3w-ultra-quiet-pump-for-pond-aquarium-200l-h,12000051371976821,Variant,,,Epcot Resorts Blvd,150